<?xml version="1.0" encoding="utf-8"?>
<selector xmlns:android="http://schemas.android.com/apk/res/android">
    <item>
        <shape android:shape="rectangle">
            <solid android:color="#EFEBDA" />
            <stroke android:width="1dp" android:color="#EFEBDA" />
            <corners android:radius="10dp" />
        </shape>
    </item>

    <item android:state_focused="true">
        <shape android:shape="rectangle">
            <solid android:color="#F57F17" />
            <stroke android:width="1dp" android:color="#F57F17" />
            <corners android:radius="10dp" />
        </shape>
    </item>
</selector>