<?xml version="1.0" encoding="utf-8"?>
<ripple xmlns:android="http://schemas.android.com/apk/res/android" android:color="#c0c0c0">
    <item android:id="@+id/mask">
        <shape android:shape="rectangle">
            <solid android:color="#c0c0c0" />
            <corners android:radius="2dp" />
        </shape>
    </item>

    <item android:id="@+id/background">
        <shape android:shape="rectangle">
            <gradient
                android:angle="90"
                android:endColor="@android:color/white"
                android:startColor="@android:color/white"
                android:type="linear" />
            <corners android:radius="2dp" />
        </shape>
    </item>
</ripple>